exploration_start,exploration_min,exploration_anneal_steps,exploration_temp,lr_init,lr_decay,decay_freq,idealization,discount,history_len,target_update_freq,batch_size,n_epochs,normalize,input_dropout,batch_normalization,streams_size,loss,hidden_activation,out_activation,weights_init,optimizer,layer_sizes,memory_size,q_clip
0.7253310717104988,0.0662329848288727,161,-1.0,0.0332522499100377,0.18051509272289507,196,0.9230823451793662,0.6865153916557862,2,60,968,4,False,0.0,False,-1,mae,sigmoid,linear,lecun_uniform,adam,[256],161792,"[-10, 10]"
1.0,0.01,150,-1.0,0.005,0.1,200,1.0,0.99,2,0,32,1,False,0.0,False,-1,mse,sigmoid,linear,lecun_uniform,adam,"[384, 192]",50000,"[-10000, 10000]"
1.0,0.01,150,-1.0,0.005,0.1,200,1.0,0.975,2,0,32,1,False,0.0,False,-1,mse,sigmoid,linear,lecun_uniform,adam,"[384, 192]",50000,"[-10000, 10000]"
1.0,0.01,150,-1.0,0.01,0.4,50,1.0,0.99,2,0,32,1,False,0.0,False,-1,mse,sigmoid,linear,lecun_uniform,adam,"[384, 192]",50000,"[-10000, 10000]"
1.0,0.01,150,-1.0,0.005,0.1,200,0.0,0.99,2,0,32,1,False,0.0,False,-1,mse,sigmoid,linear,lecun_uniform,adam,"[384, 192]",50000,"[-10000, 10000]"
0.8465000840151747,0.40361029524754,174,2.0,0.006633025276710811,0.5452698317419159,63,0.464890739328119,0.5438054446411152,2,97,137,3,False,0.0,False,-1,mae,hard_sigmoid,linear,glorot_uniform,adam,"[192, 384]",6007,"[-8928, 8928]"
0.6136695399132326,0.16016714066092824,251,0.5,0.09036058293737213,0.5346462833693904,82,0.08674342983999196,0.7096861052082442,2,68,442,5,False,0.0,False,-1,logcosh,sigmoid,softmax,he_uniform,rmsprop,[384],46732,"[-9354, 9354]"
0.7964223091125092,0.4222886085419277,291,-1.0,0.007035737028722149,0.6313047017599905,97,0.89177300078208,0.9818313802505148,2,39,97,1,False,0.0,False,-1,logcosh,sigmoid,softmax,glorot_uniform,adamax,"[384, 192]",127144,"[-3338, 3338]"
0.7964223091125092,0.4222886085419277,291,-1.0,0.007035737028722149,0.6313047017599905,97,0.89177300078208,0.9818313802505148,2,39,97,1,False,0.0,False,-1,logcosh,sigmoid,softmax,glorot_uniform,adamax,"[384, 192]",127144,"[-3338, 3338]"
0.7964223091125092,0.4222886085419277,291,-1.0,0.007035737028722149,0.6313047017599905,97,0.89177300078208,0.9818313802505148,2,39,97,1,False,0.0,False,-1,logcosh,sigmoid,softmax,glorot_uniform,adamax,"[384, 192]",127144,"[-3338, 3338]"
1.0,0.01,150,-1.0,0.005,0.1,200,1.0,0.99,2,0,32,1,False,0.0,False,-1,mse,sigmoid,linear,lecun_uniform,adam,"[384, 192]",5000,"(-10000, 10000)"
1.0,0.01,150,-1.0,0.005,0.1,200,1.0,0.99,2,0,32,1,False,0.0,False,-1,mse,sigmoid,linear,lecun_uniform,adam,"[128, 256]",50000,"[-10000, 10000]"
0.7857158187631854,0.1290411353654872,214,-1.0,0.015171452357400694,0.4809907177265695,256,0.27137260208292896,0.6158915234207133,2,59,776,2,False,0.0,False,-1,logcosh,hard_sigmoid,linear,he_uniform,adam,"[192, 192, 192]",41032,"[-9154, 9154]"
1.0,0.01,150,-1.0,0.002,0.1,200,1.0,0.99,2,0,32,1,False,0.0,False,-1,mse,sigmoid,linear,lecun_uniform,adam,"[384, 192]",50000,"[-10000, 10000]"
1.0,0.01,50,-1.0,0.005,0.1,200,1.0,0.99,2,0,32,1,False,0.0,False,-1,mse,sigmoid,linear,lecun_uniform,adam,"[384, 192]",50000,"[-10000, 10000]"
0.8172008740449126,0.18886824023583765,98,1.0,0.01899264001918624,0.27666370043139704,124,0.11191637153087211,0.672311263219029,2,0,907,1,False,0.0,False,-1,mse,tanh,linear,lecun_normal,adam,"[128, 64]",177876,"[-2281, 2281]"
0.8,0.01,250,-1.0,0.005,0.1,200,1.0,0.99,2,0,32,1,False,0.0,False,-1,mse,sigmoid,linear,lecun_uniform,adam,"[384, 192]",50000,"[-10000, 10000]"
0.75,0.01,150,-1.0,0.005,0.1,200,1.0,0.99,2,0,32,1,False,0.0,False,-1,mse,sigmoid,linear,lecun_uniform,adam,"[384, 192]",50000,"[-10000, 10000]"
1.0,0.25,100,-1.0,0.005,0.1,200,1.0,0.99,2,0,32,1,False,0.0,False,-1,mse,sigmoid,linear,lecun_uniform,adam,"[384, 192]",50000,"[-10000, 10000]"
1.0,0.01,150,-1.0,0.005,0.1,200,1.0,0.99,2,0,32,1,False,0.0,False,-1,mse,sigmoid,linear,lecun_uniform,adam,"[384, 192]",5000,"(-10000, 10000)"
0.5,0.5,300,1.0,0.1,0.95,142,1.0,0.5,2,0,198,1,True,0.0,False,-1,mae,sigmoid,linear,random_uniform,adam,[128],200000,"[-900, 900]"
1.0,0.01,150,-1.0,0.005,0.55,25,1.0,0.99,2,0,32,1,False,0.0,False,-1,mse,sigmoid,linear,lecun_uniform,adam,"[384, 192]",50000,"[-10000, 10000]"
1.0,0.01,150,-1.0,0.005,0.1,200,1.0,0.975,2,0,32,1,False,0.0,False,-1,mse,sigmoid,linear,lecun_uniform,adam,"[384, 192]",50000,"[-10000, 10000]"
0.7728713479122609,0.43281621720656543,92,1.0,0.0021389554341941165,0.4225279669350908,141,0.941169329890474,0.9455903898409813,2,0,616,4,True,0.0,False,-1,mae,sigmoid,softmax,random_uniform,adam,"[128, 64]",22841,"[-3236, 3236]"
0.5827688664588178,0.4095855064602781,269,1.0,0.0994319073652936,0.9454884170316287,69,0.6833669039526822,0.5,2,0,523,1,True,0.0,False,-1,mae,sigmoid,linear,random_uniform,adam,[128],199431,"[-4448, 4448]"
0.5,0.01,250,-1.0,0.005,0.1,200,1.0,0.99,2,0,32,1,False,0.0,False,-1,mse,sigmoid,linear,lecun_uniform,adam,"[384, 192]",50000,"[-10000, 10000]"
0.6601625257500104,0.42983376040146015,152,1.0,0.0642327971288896,0.8587876890369768,273,0.8807916732405652,0.7964743849350866,3,0,172,4,False,0.0,False,0,mse,sigmoid,linear,random_normal,adam,"[512, 384]",68089,"[-4883, 4883]"
1.0,0.01,150,-1.0,0.005,0.1,200,0.5,0.99,2,0,32,1,False,0.0,False,-1,mse,sigmoid,linear,lecun_uniform,adam,"[384, 192]",50000,"[-10000, 10000]"
0.9911002633596036,0.20930917436535101,260,1.0,0.022814689450421533,0.4027057022896632,292,0.10871123910652838,0.6661220483276804,2,0,618,1,False,0.0,False,-1,mse,sigmoid,linear,glorot_uniform,adam,"[256, 512]",185852,"[-5369, 5369]"
1.0,0.01,150,-1.0,0.005,0.1,200,1.0,0.99,2,0,32,1,False,0.0,False,-1,mse,sigmoid,linear,lecun_uniform,adam,"[192, 384]",50000,"[-10000, 10000]"
1.0,0.01,150,-1.0,0.005,0.1,200,1.0,0.99,2,0,32,1,False,0.0,False,-1,mse,sigmoid,linear,lecun_uniform,adam,"[384, 192]",50000,"[-10000, 10000]"
0.5414734404110993,0.450136102689951,252,1.0,0.08881730843360833,0.8883192535395763,154,0.8370990091732321,0.5155079240192126,2,0,270,1,True,0.0,False,-1,mae,sigmoid,linear,random_uniform,adam,[128],187595,"[-1848, 1848]"
0.6136695399132326,0.16016714066092824,251,0.5,0.09036058293737213,0.5346462833693904,82,0.08674342983999196,0.7096861052082442,2,68,442,5,False,0.0,False,-1,logcosh,sigmoid,softmax,he_uniform,rmsprop,[384],46732,"[-9354, 9354]"
1.0,0.01,150,-1.0,0.005,0.1,200,1.0,0.99,2,0,32,1,False,0.0,False,-1,mse,sigmoid,linear,lecun_uniform,adam,"[64, 64]",50000,"[-10000, 10000]"
1.0,0.01,150,-1.0,0.002,0.35,100,1.0,0.99,2,0,32,1,False,0.0,False,-1,mse,sigmoid,linear,lecun_uniform,adam,"[384, 192]",50000,"[-10000, 10000]"
1.0,0.01,150,-1.0,0.005,0.1,200,1.0,0.99,2,0,32,1,False,0.0,False,-1,mse,sigmoid,linear,lecun_uniform,adam,"[384, 192]",50000,"[-10000, 10000]"
1.0,0.01,125,-1.0,0.005,0.1,200,1.0,0.99,2,0,32,1,False,0.0,False,-1,mse,sigmoid,linear,lecun_uniform,adam,"[384, 192]",50000,"[-10000, 10000]"
1.0,0.01,150,-1.0,0.005,0.1,200,1.0,0.99,2,0,32,1,False,0.0,False,-1,mse,sigmoid,linear,lecun_uniform,adam,"[384, 192]",50000,"[-10000, 10000]"
1.0,0.01,25,-1.0,0.005,0.1,200,1.0,0.99,2,0,32,1,False,0.0,False,-1,mse,sigmoid,linear,lecun_uniform,adam,"[384, 192]",50000,"[-10000, 10000]"
0.5,0.4467561957611352,291,1.0,0.1,0.9090166839489199,172,0.9424796232997344,0.5,2,0,219,1,True,0.0,False,-1,mae,sigmoid,linear,random_uniform,adam,[128],198004,"[-931, 931]"
0.8390205560888988,0.4921330146876021,43,-1.0,0.03016400135129015,0.7608603110183406,131,0.22513679535710268,1.0,2,3,811,3,False,0.0,True,-1,mse,sigmoid,linear,lecun_uniform,adam,"[32, 64]",114981,"[-4766, 4766]"
0.8416766877618644,0.27987196516002694,240,1.0,0.008463238042132464,0.4117150839566967,169,0.43362604792070025,0.7026997956791623,2,0,344,3,False,0.0,False,-1,mse,sigmoid,softmax,lecun_normal,adam,"[128, 64]",136752,"[-6339, 6339]"
0.7964223091125092,0.4222886085419277,291,-1.0,0.007035737028722149,0.6313047017599905,97,0.89177300078208,0.9818313802505148,2,39,97,1,False,0.0,False,-1,logcosh,sigmoid,softmax,glorot_uniform,adamax,"[384, 192]",127144,"[-3338, 3338]"
0.6886796854670998,0.3710114014979657,277,1.0,0.03837461571710615,0.9109154777210622,120,0.06047542192600287,0.7745041095454587,2,0,776,1,True,0.0,False,-1,mae,sigmoid,linear,random_uniform,nadam,"[32, 32]",97655,"[-9478, 9478]"
1.0,0.01,150,-1.0,0.005,0.1,200,1.0,0.99,2,0,32,1,False,0.0,False,-1,mse,sigmoid,linear,lecun_uniform,adam,"[256, 256]",50000,"[-10000, 10000]"
0.7732646058620604,0.30977438007877606,53,-1.0,0.002779002763577687,0.7955005170839381,292,0.24100382764821843,0.7184816803887313,2,33,560,2,False,0.0,False,-1,mse,tanh,softmax,he_uniform,adamax,[32],6472,"[-2684, 2684]"
0.7519004994782355,0.36949669517256195,244,-1.0,0.0015647478921017848,0.35623559596565146,34,0.7011616746998439,0.5499639139812867,2,3,177,3,True,0.75,False,-1,mae,sigmoid,linear,glorot_uniform,adam,"[256, 192]",124920,"[-4762, 4762]"
0.6861725822712607,0.06273051895508042,187,0.5,0.003064271465666835,0.6773526244136678,149,0.3203347893000706,0.9552387020725539,2,18,531,3,False,0.0,False,-1,mae,sigmoid,linear,random_uniform,adam,"[128, 64]",22110,"[-6402, 6402]"
0.841679652150315,0.2824803720722302,238,1.0,0.008942021095143996,0.4121273800242301,172,0.442557790419841,0.6978543919904474,2,0,341,3,False,0.0,False,-1,mse,sigmoid,softmax,lecun_normal,adam,"[128, 64]",136567,"[-6273, 6273]"
1.0,0.01,150,-1.0,0.005,0.1,200,0.0,0.99,2,0,32,1,False,0.0,False,-1,mse,sigmoid,linear,lecun_uniform,adam,"[384, 192]",50000,"[-10000, 10000]"
0.6034166876581535,0.4280526700771597,252,-1.0,0.07917981380518699,0.5506855829735026,89,0.47060558020938975,0.9832205479147507,2,40,963,3,False,0.0,False,-1,mse,sigmoid,linear,lecun_uniform,adam,"[32, 64]",67809,"[-6391, 6391]"
0.9041693729115035,0.18482005015792644,198,1.0,0.0051186384979336275,0.12066796736099744,211,0.01271266506258251,0.7297726420610033,3,0,477,1,False,0.0,False,-1,mae,sigmoid,linear,glorot_normal,adam,"[64, 32]",117528,"[-1266, 1266]"
1.0,0.01,150,-1.0,0.003,0.6,100,1.0,0.99,2,0,32,1,False,0.0,False,-1,mse,sigmoid,linear,lecun_uniform,adam,"[384, 192]",50000,"[-10000, 10000]"
1.0,0.01,150,-1.0,0.005,0.1,200,1.0,0.99,2,0,32,1,False,0.0,False,-1,mse,sigmoid,linear,lecun_uniform,adam,"[512, 512]",50000,"[-10000, 10000]"
0.9552241908965509,0.15016612599264836,192,1.0,0.016899608181777877,0.9108820910034702,86,0.23101542221258903,0.7667242453025878,3,0,545,4,True,0.0,True,0,mse,sigmoid,softmax,glorot_uniform,adam,"[128, 128]",75446,"[-5711, 5711]"
1.0,0.01,150,-1.0,0.005,0.1,200,0.9,0.99,2,0,32,1,False,0.0,False,-1,mse,sigmoid,linear,lecun_uniform,adam,"[384, 192]",50000,"[-10000, 10000]"
1.0,0.01,150,-1.0,0.005,0.1,200,0.0,0.99,2,0,32,1,False,0.0,False,-1,mse,sigmoid,linear,lecun_uniform,adam,"[384, 192]",50000,"[-10000, 10000]"
1.0,0.01,150,-1.0,0.005,0.1,200,1.0,0.99,2,0,32,1,False,0.0,False,-1,mse,sigmoid,linear,lecun_uniform,adam,"[384, 256]",50000,"[-10000, 10000]"
1.0,0.01,50,-1.0,0.005,0.1,200,1.0,0.99,2,0,32,1,False,0.0,False,-1,mse,sigmoid,linear,lecun_uniform,adam,"[384, 192]",50000,"[-10000, 10000]"
1.0,0.01,150,-1.0,0.005,0.1,200,1.0,0.99,2,0,32,1,False,0.0,False,-1,mse,sigmoid,linear,lecun_uniform,adam,"[384, 192]",50000,"[-10000, 10000]"
1.0,0.01,100,-1.0,0.005,0.1,200,1.0,0.99,2,0,32,1,False,0.0,False,-1,mse,sigmoid,linear,lecun_uniform,adam,"[384, 192]",50000,"[-10000, 10000]"
0.7964223091125092,0.4222886085419277,291,-1.0,0.007035737028722149,0.6313047017599905,97,0.89177300078208,0.9818313802505148,2,39,97,1,False,0.0,False,-1,logcosh,sigmoid,softmax,glorot_uniform,adamax,"[384, 192]",127144,"[-3338, 3338]"
1.0,0.01,150,-1.0,0.005,0.1,200,1.0,0.99,2,0,32,1,False,0.0,False,-1,mse,sigmoid,linear,lecun_uniform,adam,"[384, 192]",50000,"[-10000, 10000]"
1.0,0.01,150,-1.0,0.005,0.45,50,1.0,0.99,2,0,32,1,False,0.0,False,-1,mse,sigmoid,linear,lecun_uniform,adam,"[384, 192]",50000,"[-10000, 10000]"
0.5811027551685888,0.17887537638021433,65,1.0,0.07278231522606565,0.5689257947519666,253,0.6232921128220617,0.6622587482108216,2,0,739,2,False,0.0,False,-1,logcosh,sigmoid,linear,glorot_normal,adam,[384],9700,"[-4521, 4521]"
0.8485313741173006,0.14713928682185587,47,-1.0,0.02612146644748147,0.284534191362519,188,0.7262168523558353,0.701015313949969,2,0,742,1,False,0.0,False,-1,mae,sigmoid,linear,random_uniform,adam,"[256, 256]",41690,"[-3952, 3952]"
1.0,0.1,100,-1.0,0.005,0.1,200,1.0,0.99,2,0,32,1,False,0.0,False,-1,mse,sigmoid,linear,lecun_uniform,adam,"[384, 192]",50000,"[-10000, 10000]"
0.9408814578750739,0.1130998948984979,148,1.0,0.002320086442243625,0.40900233937248726,39,0.504403242219825,0.9237086596317471,2,0,432,4,False,0.0,False,-1,mse,relu,softmax,random_normal,adam,"[256, 256]",102082,"[-5260, 5260]"
1.0,0.01,150,-1.0,0.01,0.1,200,1.0,0.99,2,0,32,1,False,0.0,False,-1,mse,sigmoid,linear,lecun_uniform,adam,"[384, 192]",50000,"[-10000, 10000]"
0.7964223091125092,0.4222886085419277,291,-1.0,0.007035737028722149,0.6313047017599905,97,0.89177300078208,0.9818313802505148,2,39,97,1,False,0.0,False,-1,logcosh,sigmoid,softmax,glorot_uniform,adamax,"[384, 192]",127144,"[-3338, 3338]"
1.0,0.01,150,-1.0,0.005,0.1,200,1.0,0.99,2,0,32,1,False,0.0,False,-1,mse,sigmoid,linear,lecun_uniform,adam,"[384, 192]",50000,"[-10000, 10000]"
0.7964223091125092,0.4222886085419277,291,-1.0,0.007035737028722149,0.6313047017599905,97,0.89177300078208,0.9818313802505148,2,39,97,1,False,0.0,False,-1,logcosh,sigmoid,softmax,glorot_uniform,adamax,"[384, 192]",127144,"[-3338, 3338]"
0.5441502703609845,0.4456009758880336,249,1.0,0.08694488777961232,0.8786707575534003,156,0.8357466161893896,0.5184053687150187,2,0,275,1,True,0.0,False,-1,mae,sigmoid,linear,random_uniform,adam,[128],185579,"[-1868, 1868]"
1.0,0.01,150,-1.0,0.005,0.1,200,1.0,0.75,2,0,32,1,False,0.0,False,-1,mse,sigmoid,linear,lecun_uniform,adam,"[384, 192]",50000,"[-10000, 10000]"
1.0,0.01,75,-1.0,0.005,0.1,200,1.0,0.99,2,0,32,1,False,0.0,False,-1,mse,sigmoid,linear,lecun_uniform,adam,"[384, 192]",50000,"[-10000, 10000]"
0.6664277423133422,0.3858010523601574,269,1.0,0.0027935766494504347,0.5669707243877405,158,0.5283077339758679,0.6883480050495179,2,0,286,1,False,0.0,False,-1,mse,sigmoid,linear,lecun_normal,adam,"[256, 256]",192299,"[-6374, 6374]"
0.7686866147245054,0.37954919653685637,68,1.0,0.002358656440793903,0.7132263594160624,73,0.13521817340545209,0.662070503896607,2,0,393,5,False,0.5,True,128,mae,sigmoid,linear,he_normal,adam,"[256, 512]",12493,"[-6343, 6343]"
1.0,0.01,150,-1.0,0.005,0.1,200,1.0,0.99,2,0,32,1,False,0.0,False,-1,mse,sigmoid,linear,lecun_uniform,adam,[512],50000,"[-10000, 10000]"
0.7964223091125092,0.4222886085419277,291,-1.0,0.007035737028722149,0.6313047017599905,97,0.89177300078208,0.9818313802505148,2,39,97,1,False,0.0,False,-1,logcosh,sigmoid,softmax,glorot_uniform,adamax,"[384, 192]",127144,"[-3338, 3338]"
1.0,0.01,150,-1.0,0.005,0.1,200,1.0,0.99,2,0,32,1,False,0.0,False,-1,mse,sigmoid,linear,lecun_uniform,adam,"[384, 192]",50000,"[-10000, 10000]"
1.0,0.01,150,-1.0,0.005,0.1,200,1.0,0.99,2,0,32,1,False,0.0,False,-1,mse,sigmoid,linear,lecun_uniform,adam,"[384, 192]",50000,"[-10000, 10000]"
0.7146957834665373,0.2653269880383926,134,-1.0,0.0014079368984833988,0.6593316860121781,147,0.36813269729308157,0.6479269521451592,3,31,438,1,False,0.0,False,-1,mse,sigmoid,linear,glorot_normal,adam,"[256, 256, 256]",140735,"[-2174, 2174]"
0.5768471525038983,0.3654906461068304,208,1.0,0.0023600241058409194,0.7768222419729088,227,0.6748473459286922,0.6384468754085455,2,0,469,4,False,0.0,False,-1,mae,sigmoid,linear,lecun_normal,nadam,[64],45786,"[-2870, 2870]"
1.0,0.01,150,-1.0,0.005,0.1,200,1.0,0.99,2,0,32,1,False,0.0,False,-1,mse,sigmoid,linear,lecun_uniform,adam,"[128, 256]",50000,"[-10000, 10000]"
0.5,0.4851521446402737,280,1.0,0.1,0.95,168,0.9061070565686623,0.5,2,0,139,1,True,0.0,False,-1,mae,sigmoid,linear,random_uniform,adam,[128],200000,"[-1081, 1081]"
0.8482592294302469,0.2620528435009579,215,1.0,0.0028671452330188874,0.1459369062372901,251,0.5312209649438159,0.60483788868307,2,0,854,1,True,0.0,False,-1,mse,relu,linear,random_uniform,adam,"[256, 128]",90398,"[-7239, 7239]"
0.6077147330151775,0.5,92,-1.0,0.08826582689197615,0.8598395939347356,56,0.2573896860482597,0.997052866591914,2,48,986,4,False,0.0,True,-1,mse,sigmoid,linear,lecun_uniform,adam,"[32, 64]",154845,"[-3352, 3352]"
0.6891977905404938,0.17353127395387022,142,1.0,0.06894728316514481,0.20276482088446818,103,0.6267351915612182,0.7555636539420386,2,0,540,2,False,0.75,False,-1,mae,sigmoid,linear,glorot_normal,adam,"[256, 256]",73345,"[-7633, 7633]"
1.0,0.01,150,-1.0,0.005,0.2,100,1.0,0.99,2,0,32,1,False,0.0,False,-1,mse,sigmoid,linear,lecun_uniform,adam,"[384, 192]",50000,"[-10000, 10000]"
0.5,0.5,40,-1.0,0.1,0.95,10,0.0,1.0,2,100,1000,5,True,0.0,True,-1,mse,sigmoid,softmax,lecun_uniform,adam,[128],200000,"[-1, 1]"
0.5,0.5,297,1.0,0.07610620632067576,0.9327267901182039,160,0.8976867591920246,0.5,2,0,246,1,True,0.0,False,-1,mae,sigmoid,linear,random_uniform,adam,[128],200000,"[-1173, 1173]"
1.0,0.01,150,-1.0,0.005,0.1,200,1.0,0.99,2,0,32,1,False,0.0,False,-1,mse,sigmoid,linear,lecun_uniform,adam,"[384, 192]",5000,"(-10000, 10000)"
1.0,0.01,150,-1.0,0.005,0.1,200,1.0,0.99,2,0,128,1,False,0.0,False,-1,mse,sigmoid,linear,lecun_uniform,adam,"[384, 192]",50000,"[-10000, 10000]"
0.6039535269243574,0.3750185324377892,146,1.0,0.030739687559027097,0.14089622559873205,47,0.7133679699203596,0.641354247272785,3,99,827,2,False,0.5,False,-1,logcosh,tanh,linear,random_normal,adam,[128],190926,"[-431, 431]"
1.0,0.01,150,-1.0,0.005,0.1,200,1.0,0.99,2,0,32,1,False,0.0,False,-1,mse,sigmoid,linear,lecun_uniform,adam,"[256, 192]",50000,"[-10000, 10000]"
0.5130170277698914,0.3068868713205884,139,1.0,0.01880354395596112,0.3222752819285177,292,0.9764556619999428,0.5373257790959056,2,0,641,1,True,0.0,False,-1,mae,sigmoid,linear,random_uniform,adam,"[256, 256, 256]",106850,"[-3091, 3091]"
1.0,0.01,150,-1.0,0.005,0.1,200,1.0,0.99,2,0,32,1,False,0.0,False,-1,mse,sigmoid,linear,lecun_uniform,adam,"[384, 192]",50000,"[-10000, 10000]"
0.9750216551091907,0.15749180393480589,288,1.0,0.0031434054380227983,0.8274216151514675,78,0.8151000557680222,0.7719486176371955,2,0,58,1,True,0.0,False,-1,mse,sigmoid,linear,lecun_uniform,adam,"[64, 32]",141477,"[-6975, 6975]"
1.0,0.01,150,-1.0,0.005,0.1,200,1.0,0.99,2,0,32,1,False,0.0,False,-1,mse,sigmoid,linear,lecun_uniform,adam,"[384, 192]",50000,"[-10000, 10000]"
0.7964223091125092,0.4222886085419277,291,-1.0,0.007035737028722149,0.6313047017599905,97,0.89177300078208,0.9818313802505148,2,39,97,1,False,0.0,False,-1,logcosh,sigmoid,softmax,glorot_uniform,adamax,"[384, 192]",127144,"[-3338, 3338]"
1.0,0.01,150,-1.0,0.005,0.8,100,1.0,0.99,2,0,32,1,False,0.0,False,-1,mse,sigmoid,linear,lecun_uniform,adam,"[384, 192]",50000,"[-10000, 10000]"
0.7545144727344981,0.23905176653378646,284,1.0,0.002237574403781181,0.8991360094988741,253,0.8756634843309776,0.8745123894462077,3,0,713,1,False,0.0,False,-1,mse,sigmoid,linear,glorot_uniform,adagrad,"[512, 512]",23724,"[-4366, 4366]"
1.0,0.01,150,-1.0,0.005,0.1,200,1.0,0.99,2,0,32,1,False,0.0,False,-1,mse,sigmoid,linear,lecun_uniform,adam,"[512, 512, 512]",50000,"[-10000, 10000]"
0.9985924054694344,0.4663461223099908,243,2.0,0.00296604648999388,0.4069226545664235,81,0.3455607270430478,0.698383737115335,2,18,478,4,False,0.0,False,-1,mse,relu,softmax,lecun_normal,adamax,[192],112833,"[-2562, 2562]"
1.0,0.01,150,-1.0,0.005,0.1,200,1.0,0.99,2,0,32,1,True,0.0,False,-1,mse,sigmoid,linear,lecun_uniform,adam,"[384, 192]",50000,"[-10000, 10000]"
1.0,0.01,150,-1.0,0.005,0.1,200,1.0,0.99,2,0,32,1,False,0.0,False,-1,mse,sigmoid,linear,lecun_uniform,adam,"[384, 192]",50000,"[-10000, 10000]"
0.6136695399132326,0.16016714066092824,251,0.5,0.09036058293737213,0.5346462833693904,82,0.08674342983999196,0.7096861052082442,2,68,442,5,False,0.0,False,-1,logcosh,sigmoid,softmax,he_uniform,rmsprop,[384],46732,"[-9354, 9354]"
0.6136695399132326,0.16016714066092824,251,0.5,0.09036058293737213,0.5346462833693904,82,0.08674342983999196,0.7096861052082442,2,68,442,5,False,0.0,False,-1,logcosh,sigmoid,softmax,he_uniform,rmsprop,[384],46732,"[-9354, 9354]"
1.0,0.01,150,-1.0,0.005,0.1,200,1.0,0.99,3,0,32,1,False,0.0,False,-1,mse,sigmoid,linear,lecun_uniform,adam,"[384, 192]",50000,"[-10000, 10000]"
1.0,0.01,150,-1.0,0.005,0.1,200,0.9,0.99,2,0,32,1,False,0.0,False,-1,mse,sigmoid,linear,lecun_uniform,adam,"[384, 192]",50000,"[-10000, 10000]"
0.5049368067296256,0.04021011313489541,100,-1.0,0.022264393880592315,0.4905454475533361,156,0.20293528633633,0.7046416128198771,2,7,664,4,True,0.75,True,-1,mse,tanh,linear,he_normal,adam,"[64, 32]",183060,"[-9141, 9141]"
0.8189182420298382,0.06403112763739928,219,1.0,0.005103618201125057,0.7369097474436098,113,0.7527883531756044,0.9406709148170056,2,0,83,4,True,0.5,False,-1,mae,sigmoid,softmax,lecun_uniform,adam,[32],143263,"[-4707, 4707]"
0.7666905767113787,0.4818970939048687,250,-1.0,0.002995808584050237,0.2573251021077096,140,0.8694138991536928,0.992236910642125,2,0,233,3,False,0.0,False,0,mse,sigmoid,linear,lecun_uniform,adam,"[64, 32]",32520,"[-10000, 10000]"
0.5,0.01,200,-1.0,0.005,0.1,200,1.0,0.99,2,0,32,1,False,0.0,False,-1,mse,sigmoid,linear,lecun_uniform,adam,"[384, 192]",50000,"[-10000, 10000]"
1.0,0.01,150,-1.0,0.005,0.1,200,1.0,0.99,2,0,32,1,False,0.0,False,-1,mse,sigmoid,linear,lecun_uniform,adam,"[384, 192]",5000,"(-10000, 10000)"
1.0,0.1,100,-1.0,0.005,0.1,200,1.0,0.99,2,0,32,1,False,0.0,False,-1,mse,sigmoid,linear,lecun_uniform,adam,"[384, 192]",50000,"[-10000, 10000]"
1.0,0.01,150,-1.0,0.005,0.1,200,1.0,0.99,4,0,32,1,False,0.0,False,-1,mse,sigmoid,linear,lecun_uniform,adam,"[384, 192]",50000,"[-10000, 10000]"
0.6136695399132326,0.16016714066092824,251,0.5,0.09036058293737213,0.5346462833693904,82,0.08674342983999196,0.7096861052082442,2,68,442,5,False,0.0,False,-1,logcosh,sigmoid,softmax,he_uniform,rmsprop,[384],46732,"[-9354, 9354]"
0.7964223091125092,0.4222886085419277,291,-1.0,0.007035737028722149,0.6313047017599905,97,0.89177300078208,0.9818313802505148,2,39,97,1,False,0.0,False,-1,logcosh,sigmoid,softmax,glorot_uniform,adamax,"[384, 192]",127144,"[-3338, 3338]"
1.0,0.01,150,-1.0,0.005,0.1,200,1.0,0.99,2,0,32,1,False,0.0,False,-1,mse,sigmoid,linear,lecun_uniform,adam,"[384, 192]",50000,"[-10000, 10000]"
0.9985924054694344,0.4663461223099908,243,2.0,0.00296604648999388,0.4069226545664235,81,0.3455607270430478,0.698383737115335,2,18,478,4,False,0.0,False,-1,mse,relu,softmax,lecun_normal,adamax,[192],112833,"[-2562, 2562]"
0.6136695399132326,0.16016714066092824,251,0.5,0.09036058293737213,0.5346462833693904,82,0.08674342983999196,0.7096861052082442,2,68,442,5,False,0.0,False,-1,logcosh,sigmoid,softmax,he_uniform,rmsprop,[384],46732,"[-9354, 9354]"
0.6369816804249396,0.05465351803278973,141,1.0,0.020512849923515125,0.5689257997728183,82,0.9814727836437805,0.6416270618804757,3,0,563,3,False,0.0,True,-1,mse,tanh,softmax,lecun_uniform,adam,"[64, 64, 64]",107053,"[-1485, 1485]"
0.6136695399132326,0.16016714066092824,251,0.5,0.09036058293737213,0.5346462833693904,82,0.08674342983999196,0.7096861052082442,2,68,442,5,False,0.0,False,-1,logcosh,sigmoid,softmax,he_uniform,rmsprop,[384],46732,"[-9354, 9354]"
1.0,0.01,150,-1.0,0.005,0.1,200,1.0,0.99,3,0,32,1,False,0.0,False,-1,mse,sigmoid,linear,lecun_uniform,adam,"[384, 192]",50000,"[-10000, 10000]"
1.0,0.01,150,-1.0,0.005,0.1,200,1.0,0.99,2,0,32,1,True,0.0,False,-1,mse,sigmoid,linear,lecun_uniform,adam,"[384, 192]",50000,"[-10000, 10000]"
0.7971545322161167,0.10422799489485748,43,-1.0,0.004675850453276126,0.8968549296436416,191,0.2726351799608194,0.6262924891462054,2,5,426,1,True,0.0,True,16,mse,sigmoid,linear,lecun_normal,adam,"[192, 384]",68581,"[-9942, 9942]"
1.0,0.01,150,-1.0,0.005,0.1,200,0.9,0.99,2,0,32,1,False,0.0,False,-1,mse,sigmoid,linear,lecun_uniform,adam,"[384, 192]",50000,"[-10000, 10000]"
1.0,0.01,150,-1.0,0.005,0.1,200,1.0,0.99,2,0,16,1,False,0.0,False,-1,mse,sigmoid,linear,lecun_uniform,adam,"[384, 192]",50000,"[-10000, 10000]"
1.0,0.01,150,-1.0,0.005,0.1,200,1.0,0.99,2,0,32,3,False,0.0,False,-1,mse,sigmoid,linear,lecun_uniform,adam,"[384, 192]",50000,"[-10000, 10000]"
0.5,0.4774150274331088,290,1.0,0.1,0.9208676548138637,178,0.9451955008559348,0.5,2,0,201,1,True,0.0,False,-1,mae,sigmoid,linear,random_uniform,adam,[128],200000,"[-935, 935]"
1.0,0.01,150,-1.0,0.002,0.1,200,1.0,0.99,2,0,32,1,False,0.0,False,-1,mse,sigmoid,linear,lecun_uniform,adam,"[384, 192]",50000,"[-10000, 10000]"
0.7205321894518237,0.003979674491736453,269,1.0,0.005837525916294828,0.7561806793951741,57,0.5116089476402457,0.6875586291768476,2,0,100,4,False,0.0,False,-1,mse,sigmoid,softmax,lecun_normal,adam,"[128, 64]",192955,"[-6368, 6368]"
0.6136695399132326,0.16016714066092824,251,0.5,0.09036058293737213,0.5346462833693904,82,0.08674342983999196,0.7096861052082442,2,68,442,5,False,0.0,False,-1,logcosh,sigmoid,softmax,he_uniform,rmsprop,[384],46732,"[-9354, 9354]"
1.0,0.01,150,-1.0,0.005,0.1,200,1.0,0.99,2,0,64,1,False,0.0,False,-1,mse,sigmoid,linear,lecun_uniform,adam,"[384, 192]",50000,"[-10000, 10000]"
1.0,0.01,150,-1.0,0.005,0.1,200,1.0,0.99,2,0,32,1,False,0.0,False,-1,mse,sigmoid,linear,lecun_uniform,adam,[128],50000,"[-10000, 10000]"
0.5149768611651385,0.46793403796228933,269,1.0,0.09052730208127908,0.9154664640775904,155,0.8464876397012028,0.5,2,0,231,1,True,0.0,False,-1,mae,sigmoid,linear,random_uniform,adam,[128],200000,"[-1760, 1760]"
0.8822962851202494,0.2342289488903791,110,1.0,0.012666303277096226,0.11307334642936624,147,0.7427648300870916,0.5959780391187153,2,0,513,2,True,0.0,False,-1,mse,sigmoid,linear,lecun_uniform,adadelta,"[192, 384]",50556,"[-916, 916]"
0.7964223091125092,0.4222886085419277,291,-1.0,0.007035737028722149,0.6313047017599905,97,0.89177300078208,0.9818313802505148,2,39,97,1,False,0.0,False,-1,logcosh,sigmoid,softmax,glorot_uniform,adamax,"[384, 192]",127144,"[-3338, 3338]"
0.9985924054694344,0.4663461223099908,243,2.0,0.00296604648999388,0.4069226545664235,81,0.3455607270430478,0.698383737115335,2,18,478,4,False,0.0,False,-1,mse,relu,softmax,lecun_normal,adamax,[192],112833,"[-2562, 2562]"
1.0,0.01,150,-1.0,0.005,0.1,200,1.0,0.99,2,0,64,1,False,0.0,False,-1,mse,sigmoid,linear,lecun_uniform,adam,"[384, 192]",50000,"[-10000, 10000]"
1.0,0.33403372101198264,75,-1.0,0.0021670396516027656,0.44935242380149765,114,1.0,0.9899407180615065,2,0,292,2,False,0.0,False,64,mse,sigmoid,linear,lecun_uniform,adam,"[192, 384]",150149,"[-10000, 10000]"
0.7964223091125092,0.4222886085419277,291,-1.0,0.007035737028722149,0.6313047017599905,97,0.89177300078208,0.9818313802505148,2,39,97,1,False,0.0,False,-1,logcosh,sigmoid,softmax,glorot_uniform,adamax,"[384, 192]",127144,"[-3338, 3338]"
1.0,0.01,150,-1.0,0.005,0.1,200,1.0,0.99,2,0,32,1,False,0.0,False,-1,mse,sigmoid,linear,lecun_uniform,adam,"[256, 128]",50000,"[-10000, 10000]"
0.8391418973790676,0.28161281360011753,240,1.0,0.008507026103840975,0.411424997275838,168,0.433467522133735,0.7046258329419035,2,0,343,3,False,0.0,False,-1,mse,sigmoid,softmax,lecun_normal,adam,"[128, 64]",136777,"[-6540, 6540]"
1.0,0.01,300,-1.0,0.005,0.1,200,1.0,0.99,2,0,32,1,False,0.0,False,-1,mse,sigmoid,linear,lecun_uniform,adam,"[384, 192]",50000,"[-10000, 10000]"
0.7268276845383361,0.050067158739438115,97,1.0,0.013169674768966392,0.5887644102354271,264,0.24128819134293616,0.6619147518039079,2,0,752,4,False,0.0,False,128,mse,sigmoid,linear,he_normal,rmsprop,[512],169340,"[-3183, 3183]"
0.9985924054694344,0.4663461223099908,243,2.0,0.00296604648999388,0.4069226545664235,81,0.3455607270430478,0.698383737115335,2,18,478,4,False,0.0,False,-1,mse,relu,softmax,lecun_normal,adamax,[192],112833,"[-2562, 2562]"
0.9985924054694344,0.4663461223099908,243,2.0,0.00296604648999388,0.4069226545664235,81,0.3455607270430478,0.698383737115335,2,18,478,4,False,0.0,False,-1,mse,relu,softmax,lecun_normal,adamax,[192],112833,"[-2562, 2562]"
1.0,0.25,100,-1.0,0.005,0.1,200,1.0,0.99,2,0,32,1,False,0.0,False,-1,mse,sigmoid,linear,lecun_uniform,adam,"[384, 192]",50000,"[-10000, 10000]"
0.9038902768865769,0.28197934859917406,227,-1.0,0.0011541736016632423,0.3758197328132908,168,0.4311624335312062,0.9027009132939061,3,44,453,4,False,0.0,False,-1,mse,sigmoid,softmax,glorot_uniform,adadelta,"[128, 128]",83720,"[-9808, 9808]"
0.5925034057892109,0.5,86,-1.0,0.09398298935915853,0.9016279084230833,49,0.23401526344166962,0.9985380466896367,2,48,1000,4,False,0.0,True,-1,mse,sigmoid,linear,lecun_uniform,adam,"[32, 64]",157714,"[-3139, 3139]"
1.0,0.01,150,-1.0,0.005,0.1,200,0.1,0.99,2,0,32,1,False,0.0,False,-1,mse,sigmoid,linear,lecun_uniform,adam,"[384, 192]",50000,"[-10000, 10000]"
0.7964223091125092,0.4222886085419277,291,-1.0,0.007035737028722149,0.6313047017599905,97,0.89177300078208,0.9818313802505148,2,39,97,1,False,0.0,False,-1,logcosh,sigmoid,softmax,glorot_uniform,adamax,"[384, 192]",127144,"[-3338, 3338]"
1.0,0.01,150,-1.0,0.005,0.3,100,1.0,0.99,2,0,32,1,False,0.0,False,-1,mse,sigmoid,linear,lecun_uniform,adam,"[384, 192]",50000,"[-10000, 10000]"
0.7404467654180815,0.3446419302200795,269,1.0,0.00271421518110436,0.5586699799443879,261,0.5089689606670146,0.9583614770097305,3,0,285,1,False,0.0,False,-1,mse,sigmoid,linear,lecun_uniform,adam,"[256, 256]",61253,"[-4333, 4333]"
0.58359354840348,0.5,86,-1.0,0.1,0.9208287280360284,44,0.21983986065735053,0.9977564504151663,2,50,1000,4,False,0.0,True,-1,mse,sigmoid,linear,lecun_uniform,adam,"[32, 64]",164556,"[-2935, 2935]"
0.7964223091125092,0.4222886085419277,291,-1.0,0.007035737028722149,0.6313047017599905,97,0.89177300078208,0.9818313802505148,2,39,97,1,False,0.0,False,-1,logcosh,sigmoid,softmax,glorot_uniform,adamax,"[384, 192]",127144,"[-3338, 3338]"
1.0,0.01,150,-1.0,0.005,0.1,200,1.0,0.99,2,0,32,1,False,0.0,False,-1,mse,sigmoid,linear,lecun_uniform,adam,"[64, 64, 64]",50000,"[-10000, 10000]"
1.0,0.01,125,-1.0,0.005,0.1,200,1.0,0.99,2,0,32,1,False,0.0,False,-1,mse,sigmoid,linear,lecun_uniform,adam,"[384, 192]",50000,"[-10000, 10000]"
1.0,0.01,150,-1.0,0.003,0.1,200,1.0,0.99,2,0,32,1,False,0.0,False,-1,mse,sigmoid,linear,lecun_uniform,adam,"[384, 192]",50000,"[-10000, 10000]"
0.5377938456394814,0.41675507105766324,117,-1.0,0.04768142008653075,0.14153506555369105,30,0.8591268627282593,0.5646721443787138,2,30,619,4,False,0.0,False,-1,mse,hard_sigmoid,linear,glorot_normal,adam,[64],90638,"[-2953, 2953]"
1.0,0.01,75,-1.0,0.002,0.35,100,1.0,0.99,2,0,32,1,False,0.0,False,-1,mse,sigmoid,linear,lecun_uniform,adam,"[384, 192]",50000,"[-10000, 10000]"
1.0,0.01,150,-1.0,0.01,0.3,100,1.0,0.99,2,0,32,1,False,0.0,False,-1,mse,sigmoid,linear,lecun_uniform,adam,"[384, 192]",50000,"[-10000, 10000]"
0.9985924054694344,0.4663461223099908,243,2.0,0.00296604648999388,0.4069226545664235,81,0.3455607270430478,0.698383737115335,2,18,478,4,False,0.0,False,-1,mse,relu,softmax,lecun_normal,adamax,[192],112833,"[-2562, 2562]"
1.0,0.01,150,-1.0,0.003,0.5,50,1.0,0.99,2,0,32,1,False,0.0,False,-1,mse,sigmoid,linear,lecun_uniform,adam,"[384, 192]",50000,"[-10000, 10000]"
0.9985924054694344,0.4663461223099908,243,2.0,0.00296604648999388,0.4069226545664235,81,0.3455607270430478,0.698383737115335,2,18,478,4,False,0.0,False,-1,mse,relu,softmax,lecun_normal,adamax,[192],112833,"[-2562, 2562]"
0.5973534748317915,0.5,87,-1.0,0.09585866611029115,0.8935368299639682,50,0.24367813435834332,0.9986399971946599,2,47,1000,4,False,0.0,True,-1,mse,sigmoid,linear,lecun_uniform,adam,"[32, 64]",156135,"[-3218, 3218]"
0.9083407180805407,0.3073638013452185,81,-1.0,0.06221231122691303,0.660599389122658,90,0.9009102575408994,0.8623401370263899,2,16,478,2,False,0.0,False,-1,mae,sigmoid,linear,random_normal,adam,"[256, 192]",96869,"[-34, 34]"
0.8426570237560942,0.2894340317006008,238,1.0,0.00813766275943573,0.4069863492031502,172,0.4445997469927248,0.6968187616874917,2,0,336,3,False,0.0,False,-1,mse,sigmoid,softmax,lecun_normal,adam,"[128, 64]",136851,"[-6303, 6303]"
0.5186169745176848,0.48613398640066513,153,1.0,0.1,0.95,167,0.5499710017274065,0.5,2,0,153,1,False,0.0,False,-1,mae,sigmoid,linear,random_uniform,adam,[128],200000,"[-2933, 2933]"
0.5184578449376579,0.4814449158307697,264,1.0,0.09663647149812495,0.9499976719912571,144,0.8472493612599179,0.5000032857612178,2,0,249,1,True,0.0,False,-1,mae,sigmoid,linear,random_uniform,adam,[128],198313,"[-1687, 1687]"
0.7197897914950739,0.47849100965647745,142,-1.0,0.015354255035296603,0.7187320084173593,144,0.9732382555690408,0.6302416452416734,2,46,465,3,False,0.0,False,0,mse,sigmoid,linear,glorot_normal,adam,"[192, 384]",106301,"[-3007, 3007]"
1.0,0.01,150,-1.0,0.005,0.1,200,0.5,0.99,2,0,32,1,False,0.0,False,-1,mse,sigmoid,linear,lecun_uniform,adam,"[384, 192]",50000,"[-10000, 10000]"
0.7039131375220838,0.4462856615922796,269,1.0,0.03941861285739501,0.2853579380782118,117,0.5232659067653027,0.6879665080038516,2,23,252,5,False,0.0,False,-1,mse,sigmoid,linear,he_normal,adam,"[192, 192, 192]",145520,"[-6408, 6408]"
0.75,0.01,150,-1.0,0.005,0.1,200,1.0,0.99,2,0,32,1,False,0.0,False,-1,mse,sigmoid,linear,lecun_uniform,adam,"[384, 192]",50000,"[-10000, 10000]"
0.5439339194116253,0.44642772661209845,250,1.0,0.0867181124668559,0.8809708634411194,155,0.835367043990629,0.5180624358625534,2,0,273,1,True,0.0,False,-1,mae,sigmoid,linear,random_uniform,adam,[128],185937,"[-1863, 1863]"
1.0,0.01,150,-1.0,0.005,0.1,200,1.0,0.99,2,0,32,1,False,0.0,False,-1,mse,sigmoid,linear,lecun_uniform,adam,[256],50000,"[-10000, 10000]"
0.8745849185763623,0.4393476429477451,67,1.0,0.00510614712567689,0.546634633219933,20,0.9689617652602739,0.6604986206867488,2,0,106,5,False,0.0,True,-1,mse,relu,softmax,random_uniform,adam,[384],156915,"[-8649, 8649]"
0.8162860476705748,0.21467580077861587,241,1.0,0.017196536559346432,0.471786228051592,159,0.4003307591291742,0.7216856067119846,2,0,385,3,False,0.0,False,-1,mse,sigmoid,softmax,lecun_normal,adam,"[128, 64]",124828,"[-5280, 5280]"
0.8780533469325206,0.19865303943625784,273,1.0,0.060688845301761905,0.6620500125170712,140,0.9785709284207172,0.5581009548061973,2,0,679,2,False,0.0,False,-1,mse,sigmoid,linear,glorot_uniform,adam,"[256, 256]",61158,"[-3835, 3835]"
0.5009163836982321,0.45439352307902514,145,-1.0,0.001054592086499655,0.31772640160043564,267,0.5976147021011919,0.897645037735624,2,68,338,1,False,0.0,False,-1,mae,sigmoid,linear,he_normal,adam,[192],75209,"[-1122, 1122]"
1.0,0.01,25,-1.0,0.005,0.1,200,1.0,0.99,2,0,32,1,False,0.0,False,-1,mse,sigmoid,linear,lecun_uniform,adam,"[384, 192]",50000,"[-10000, 10000]"
0.5833823812496707,0.4534182432108228,266,1.0,0.0038976672997834447,0.5736018560225553,243,0.5671193129699854,0.6471585437862621,3,0,141,1,True,0.0,False,-1,mse,sigmoid,linear,lecun_uniform,nadam,[32],19679,"[-1299, 1299]"
1.0,0.01,150,-1.0,0.005,0.1,200,1.0,0.99,2,0,32,1,False,0.0,False,-1,mse,sigmoid,linear,lecun_uniform,adam,"[384, 192]",50000,"[-10000, 10000]"
1.0,0.01,150,-1.0,0.005,0.1,200,1.0,0.99,2,0,32,1,False,0.0,False,-1,mse,sigmoid,linear,lecun_uniform,adam,"[384, 192]",5000,"(-10000, 10000)"
0.7964223091125092,0.4222886085419277,291,-1.0,0.007035737028722149,0.6313047017599905,97,0.89177300078208,0.9818313802505148,2,39,97,1,False,0.0,False,-1,logcosh,sigmoid,softmax,glorot_uniform,adamax,"[384, 192]",127144,"[-3338, 3338]"
0.9,0.01,150,-1.0,0.005,0.1,200,1.0,0.99,2,0,32,1,False,0.0,False,-1,mse,sigmoid,linear,lecun_uniform,adam,"[384, 192]",50000,"[-10000, 10000]"
0.7964223091125092,0.4222886085419277,291,-1.0,0.007035737028722149,0.6313047017599905,97,0.89177300078208,0.9818313802505148,2,39,97,1,False,0.0,False,-1,logcosh,sigmoid,softmax,glorot_uniform,adamax,"[384, 192]",127144,"[-3338, 3338]"
0.8918142175642255,0.2947544765773398,269,1.0,0.007550266753035993,0.14481907421237647,206,0.11631600546071169,0.763844129835985,2,0,405,3,False,0.0,False,-1,mse,sigmoid,softmax,lecun_normal,adam,[64],179996,"[-6599, 6599]"
1.0,0.01,150,-1.0,0.005,0.1,200,1.0,0.99,2,0,32,1,False,0.0,False,-1,mse,sigmoid,linear,lecun_uniform,adam,"[192, 192]",50000,"[-10000, 10000]"
0.6212872942777724,0.49477501319842,92,-1.0,0.08109510778981625,0.8402496271076874,61,0.2989333049178984,0.9980526369504973,2,44,944,4,False,0.0,True,-1,mse,sigmoid,linear,lecun_uniform,adam,"[32, 64]",148869,"[-3680, 3680]"
0.7850333302080473,0.20954534305597902,136,1.0,0.003797694323882763,0.695652441132029,188,0.42690982567922664,0.8759364848849239,2,0,368,2,False,0.0,False,-1,mae,sigmoid,linear,he_uniform,adam,[128],34667,"[-1617, 1617]"
1.0,0.01,150,-1.0,0.005,0.1,200,1.0,0.99,2,0,32,1,False,0.0,False,-1,mse,sigmoid,linear,lecun_uniform,adam,"[384, 192]",50000,"[-10000, 10000]"
1.0,0.01,150,-1.0,0.005,0.1,200,1.0,0.99,2,0,32,1,False,0.0,False,-1,mse,sigmoid,linear,lecun_uniform,adam,"[384, 192]",50000,"[-10000, 10000]"
0.6406282891364747,0.5,40,-1.0,0.1,0.95,72,0.5721192368237688,1.0,2,27,960,5,False,0.0,True,-1,mse,sigmoid,linear,lecun_uniform,adam,"[128, 64]",193149,"[-4543, 4543]"
0.6136695399132326,0.16016714066092824,251,0.5,0.09036058293737213,0.5346462833693904,82,0.08674342983999196,0.7096861052082442,2,68,442,5,False,0.0,False,-1,logcosh,sigmoid,softmax,he_uniform,rmsprop,[384],46732,"[-9354, 9354]"
0.5851105814940448,0.5,86,-1.0,0.1,0.9162707889079091,46,0.22091464269858146,0.9990163695374898,2,49,1000,4,False,0.0,True,-1,mse,sigmoid,linear,lecun_uniform,adam,"[32, 64]",159005,"[-3018, 3018]"
1.0,0.01,150,-1.0,0.005,0.1,200,1.0,0.99,2,0,128,1,False,0.0,False,-1,mse,sigmoid,linear,lecun_uniform,adam,"[384, 192]",50000,"[-10000, 10000]"
0.7964223091125092,0.4222886085419277,291,-1.0,0.007035737028722149,0.6313047017599905,97,0.89177300078208,0.9818313802505148,2,39,97,1,False,0.0,False,-1,logcosh,sigmoid,softmax,glorot_uniform,adamax,"[384, 192]",127144,"[-3338, 3338]"
1.0,0.01,150,-1.0,0.005,0.1,200,1.0,0.99,2,0,32,1,False,0.0,False,-1,mse,sigmoid,linear,lecun_uniform,adam,"[384, 192]",5000,"(-10000, 10000)"
0.8204212495054048,0.12354490534495766,282,0.5,0.024347655351874005,0.9345771532571439,221,0.690088910666147,0.8366094139916147,2,33,299,3,False,0.0,False,-1,mse,sigmoid,linear,lecun_normal,adam,"[512, 384]",53971,"[-5205, 5205]"
0.7964223091125092,0.4222886085419277,291,-1.0,0.007035737028722149,0.6313047017599905,97,0.89177300078208,0.9818313802505148,2,39,97,1,False,0.0,False,-1,logcosh,sigmoid,softmax,glorot_uniform,adamax,"[384, 192]",127144,"[-3338, 3338]"
1.0,0.01,300,-1.0,0.002,0.35,100,1.0,0.99,2,0,32,1,False,0.0,False,-1,mse,sigmoid,linear,lecun_uniform,adam,"[384, 192]",50000,"[-10000, 10000]"
1.0,0.01,150,-1.0,0.005,0.1,200,1.0,0.99,2,0,32,1,False,0.0,False,-1,mse,sigmoid,linear,lecun_uniform,adam,"[384, 192]",50000,"[-10000, 10000]"
0.5,0.01,150,-1.0,0.005,0.1,200,1.0,0.99,2,0,32,1,False,0.0,False,-1,mse,sigmoid,linear,lecun_uniform,adam,"[384, 192]",50000,"[-10000, 10000]"
0.5,0.01,150,-1.0,0.005,0.1,200,1.0,0.99,2,0,32,1,False,0.0,False,-1,mse,sigmoid,linear,lecun_uniform,adam,"[384, 192]",50000,"[-10000, 10000]"
1.0,0.5,50,-1.0,0.005,0.1,200,1.0,0.99,2,0,32,1,False,0.0,False,-1,mse,sigmoid,linear,lecun_uniform,adam,"[384, 192]",50000,"[-10000, 10000]"
1.0,0.01,150,-1.0,0.005,0.1,200,1.0,0.99,2,0,32,1,False,0.0,False,-1,mse,sigmoid,linear,lecun_uniform,adam,[32],50000,"[-10000, 10000]"
1.0,0.01,150,-1.0,0.005,0.1,200,1.0,0.99,2,0,32,1,False,0.0,False,-1,mse,sigmoid,linear,lecun_uniform,adam,"[384, 192]",50000,"[-10000, 10000]"
0.5262692361181112,0.4631479455464453,176,1.0,0.003337906679538459,0.11217129836629611,134,0.8988887384705686,0.8190347111515881,2,0,637,3,True,0.0,False,-1,mse,hard_sigmoid,softmax,he_uniform,adagrad,"[192, 192, 192]",152705,"[-8110, 8110]"
1.0,0.01,150,-1.0,0.005,0.1,200,1.0,0.99,2,0,16,1,False,0.0,False,-1,mse,sigmoid,linear,lecun_uniform,adam,"[384, 192]",50000,"[-10000, 10000]"
0.8066071558618422,0.020185124033662218,115,1.0,0.04418177448598717,0.6796135745874395,67,0.987127207172685,0.7705407841521783,2,0,58,2,True,0.0,False,32,mae,sigmoid,softmax,random_uniform,nadam,"[192, 192, 192]",32210,"[-6745, 6745]"
0.5,0.01,200,-1.0,0.005,0.1,200,1.0,0.99,2,0,32,1,False,0.0,False,-1,mse,sigmoid,linear,lecun_uniform,adam,"[384, 192]",50000,"[-10000, 10000]"
0.9635593251708905,0.20721546317345751,99,1.0,0.0031108027773141776,0.6689186653462665,141,0.4468753296184411,0.8728219439458917,2,0,71,2,False,0.0,False,-1,mae,tanh,linear,he_normal,adam,"[32, 32]",188787,"[-6333, 6333]"
0.9766774941428229,0.45217732057207943,192,-1.0,0.001483738595669875,0.7030175641548798,48,0.30511338548700884,0.9599348183527239,2,24,433,4,True,0.0,False,-1,mae,sigmoid,linear,he_uniform,adam,"[384, 192]",45681,"[-4279, 4279]"
1.0,0.5,50,-1.0,0.005,0.1,200,1.0,0.99,2,0,32,1,False,0.0,False,-1,mse,sigmoid,linear,lecun_uniform,adam,"[384, 192]",50000,"[-10000, 10000]"
0.5443069764631904,0.25820957000876266,251,-1.0,0.037937780643148435,0.07784985697824406,13,0.7077640358753661,0.5080699789659942,2,20,627,4,False,0.0,True,-1,mae,sigmoid,softmax,glorot_uniform,adam,"[384, 192]",52321,"[-4753, 4753]"
0.7964223091125092,0.4222886085419277,291,-1.0,0.007035737028722149,0.6313047017599905,97,0.89177300078208,0.9818313802505148,2,39,97,1,False,0.0,False,-1,logcosh,sigmoid,softmax,glorot_uniform,adamax,"[384, 192]",127144,"[-3338, 3338]"
0.6136695399132326,0.16016714066092824,251,0.5,0.09036058293737213,0.5346462833693904,82,0.08674342983999196,0.7096861052082442,2,68,442,5,False,0.0,False,-1,logcosh,sigmoid,softmax,he_uniform,rmsprop,[384],46732,"[-9354, 9354]"
0.9604842620370315,0.19129059717107116,261,2.0,0.0944833780193098,0.5137120502699345,200,0.9902448133132586,0.5958361632258964,2,83,521,1,False,0.0,False,-1,mae,sigmoid,softmax,he_uniform,nadam,"[384, 256]",171310,"[-9343, 9343]"
0.7964223091125092,0.4222886085419277,291,-1.0,0.007035737028722149,0.6313047017599905,97,0.89177300078208,0.9818313802505148,2,39,97,1,False,0.0,False,-1,logcosh,sigmoid,softmax,glorot_uniform,adamax,"[384, 192]",127144,"[-3338, 3338]"
1.0,0.01,150,-1.0,0.002,0.35,100,1.0,0.9,2,0,32,1,False,0.0,False,-1,mse,sigmoid,linear,lecun_uniform,adam,"[384, 192]",50000,"[-10000, 10000]"
0.7964223091125092,0.4222886085419277,291,-1.0,0.007035737028722149,0.6313047017599905,97,0.89177300078208,0.9818313802505148,2,39,97,1,False,0.0,False,-1,logcosh,sigmoid,softmax,glorot_uniform,adamax,"[384, 192]",127144,"[-3338, 3338]"
0.5787955386153284,0.2819116352494288,140,1.0,0.0025693625294771587,0.11414732066444817,290,0.6898114266179319,0.9961661008876213,2,0,635,1,True,0.0,False,-1,mse,sigmoid,linear,random_uniform,nadam,[64],118408,"[-7620, 7620]"
0.7964223091125092,0.4222886085419277,291,-1.0,0.007035737028722149,0.6313047017599905,97,0.89177300078208,0.9818313802505148,2,39,97,1,False,0.0,False,-1,logcosh,sigmoid,softmax,glorot_uniform,adamax,"[384, 192]",127144,"[-3338, 3338]"
0.7808612583907362,0.20192399753306337,187,2.0,0.08141282882304178,0.9012575884950075,206,0.6787882341124767,0.6535650470419032,3,50,421,2,False,0.0,False,-1,mse,sigmoid,linear,lecun_uniform,adam,[192],26865,"[-7504, 7504]"
0.9985924054694344,0.4663461223099908,243,2.0,0.00296604648999388,0.4069226545664235,81,0.3455607270430478,0.698383737115335,2,18,478,4,False,0.0,False,-1,mse,relu,softmax,lecun_normal,adamax,[192],112833,"[-2562, 2562]"
0.8887145848715953,0.2168733116913474,269,0.5,0.013619294499950458,0.6098818940260499,180,0.16708836052736567,0.7303675323418759,2,85,109,3,False,0.0,False,-1,mse,tanh,linear,random_uniform,adam,"[384, 384, 384]",22113,"[-3965, 3965]"
1.0,0.01,150,-1.0,0.005,0.1,200,0.9,0.99,2,0,32,1,False,0.0,False,-1,mse,sigmoid,linear,lecun_uniform,adam,"[384, 192]",50000,"[-10000, 10000]"
0.7446884504312361,0.04973218768274918,115,-1.0,0.011091943399616928,0.4891512347454783,72,0.23690700776251045,0.9262028328519796,2,68,980,4,True,0.5,False,16,mae,sigmoid,softmax,he_normal,adam,"[256, 256, 256]",72929,"[-1079, 1079]"
0.9693558498522601,0.1861958165767787,53,1.0,0.003956949286148856,0.23392231507569655,295,0.8930212121962862,0.879674397478164,2,0,816,4,False,0.0,False,-1,mse,relu,linear,lecun_uniform,nadam,"[32, 64]",19480,"[-955, 955]"
1.0,0.01,100,-1.0,0.005,0.1,200,1.0,0.99,2,0,32,1,False,0.0,False,-1,mse,sigmoid,linear,lecun_uniform,adam,"[384, 192]",50000,"[-10000, 10000]"
0.6013897090869302,0.24057402558890786,190,-1.0,0.0055234211943182305,0.8120488243145406,295,0.4816929304318035,0.8888295707389685,2,40,519,3,False,0.0,False,-1,mae,tanh,linear,glorot_normal,adam,[384],188887,"[-4668, 4668]"
1.0,0.01,150,-1.0,0.005,0.1,200,1.0,0.99,2,0,32,1,False,0.0,False,-1,mse,sigmoid,linear,lecun_uniform,adam,"[384, 192]",50000,"[-10000, 10000]"
1.0,0.01,150,-1.0,0.005,0.1,200,1.0,0.99,2,0,128,1,False,0.0,False,-1,mse,sigmoid,linear,lecun_uniform,adam,"[384, 192]",50000,"[-10000, 10000]"
0.5115595276629861,0.39740070729775095,238,1.0,0.013996095918523887,0.5168528356123742,40,0.4145296108933919,0.9458334142032941,2,0,227,2,False,0.0,False,-1,mse,relu,linear,lecun_normal,adam,[64],177693,"[-8124, 8124]"
0.9547069980557954,0.3557242280363169,41,1.0,0.0015127788467390374,0.1567269479208423,10,0.03386918850856003,0.7977253761175169,2,0,566,1,False,0.0,False,-1,mse,sigmoid,linear,random_uniform,rmsprop,[32],63630,"[-9838, 9838]"
1.0,0.01,150,-1.0,0.005,0.05,200,1.0,0.99,2,0,32,1,False,0.0,False,-1,mse,sigmoid,linear,lecun_uniform,adam,"[384, 192]",50000,"[-10000, 10000]"
0.9794746343122602,0.32674236818574,205,1.0,0.014578091067267067,0.42293172940373197,148,0.6235101011318683,0.6690038074194459,2,0,781,5,False,0.0,False,128,mae,tanh,linear,glorot_uniform,adam,"[256, 128]",196019,"[-3595, 3595]"
1.0,0.01,75,-1.0,0.005,0.1,200,1.0,0.99,2,0,32,1,False,0.0,False,-1,mse,sigmoid,linear,lecun_uniform,adam,"[384, 192]",50000,"[-10000, 10000]"
0.6136695399132326,0.16016714066092824,251,0.5,0.09036058293737213,0.5346462833693904,82,0.08674342983999196,0.7096861052082442,2,68,442,5,False,0.0,False,-1,logcosh,sigmoid,softmax,he_uniform,rmsprop,[384],46732,"[-9354, 9354]"
1.0,0.01,150,-1.0,0.005,0.1,200,1.0,0.99,2,0,16,1,False,0.0,False,-1,mse,sigmoid,linear,lecun_uniform,adam,"[384, 192]",50000,"[-10000, 10000]"
0.6136695399132326,0.16016714066092824,251,0.5,0.09036058293737213,0.5346462833693904,82,0.08674342983999196,0.7096861052082442,2,68,442,5,False,0.0,False,-1,logcosh,sigmoid,softmax,he_uniform,rmsprop,[384],46732,"[-9354, 9354]"
0.8433301868339507,0.289506564198889,238,1.0,0.00819095699893965,0.4071459105451547,172,0.4457003731039837,0.6961355498798779,2,0,337,3,False,0.0,False,-1,mse,sigmoid,softmax,lecun_normal,adam,"[128, 64]",137059,"[-6322, 6322]"
0.6136695399132326,0.16016714066092824,251,0.5,0.09036058293737213,0.5346462833693904,82,0.08674342983999196,0.7096861052082442,2,68,442,5,False,0.0,False,-1,logcosh,sigmoid,softmax,he_uniform,rmsprop,[384],46732,"[-9354, 9354]"
1.0,0.01,150,-1.0,0.005,0.1,200,1.0,0.9,2,0,32,1,False,0.0,False,-1,mse,sigmoid,linear,lecun_uniform,adam,"[384, 192]",50000,"[-10000, 10000]"
1.0,0.01,150,-1.0,0.025,0.1,200,1.0,0.99,2,0,32,1,False,0.0,False,-1,mse,sigmoid,linear,lecun_uniform,adam,"[384, 192]",50000,"[-10000, 10000]"
1.0,0.01,150,-1.0,0.005,0.35,100,1.0,0.99,2,0,32,1,False,0.0,False,-1,mse,sigmoid,linear,lecun_uniform,adam,"[384, 192]",50000,"[-10000, 10000]"
0.9985924054694344,0.46634612230999084,73,1.0,0.00296604648999388,0.40692265456642357,122,0.6697460368034801,0.967769535403016,3,0,529,3,False,0.5,False,-1,logcosh,hard_sigmoid,softmax,he_normal,adam,"[384, 192]",173679,"[-8292, 8292]"
0.9985924054694344,0.4663461223099908,243,2.0,0.00296604648999388,0.4069226545664235,81,0.3455607270430478,0.698383737115335,2,18,478,4,False,0.0,False,-1,mse,relu,softmax,lecun_normal,adamax,[192],112833,"[-2562, 2562]"
0.5252480153261299,0.1412088838289758,240,-1.0,0.001881789718445063,0.09826742676900631,104,0.10751390558543597,0.6702976226227784,2,9,815,4,False,0.0,False,-1,mse,sigmoid,softmax,random_uniform,adam,[128],96929,"[-2328, 2328]"
1.0,0.01,150,-1.0,0.005,0.1,200,1.0,0.99,2,0,32,1,True,0.0,False,-1,mse,sigmoid,linear,lecun_uniform,adam,"[384, 192]",50000,"[-10000, 10000]"
0.9985924054694344,0.4663461223099908,243,2.0,0.00296604648999388,0.4069226545664235,81,0.3455607270430478,0.698383737115335,2,18,478,4,False,0.0,False,-1,mse,relu,softmax,lecun_normal,adamax,[192],112833,"[-2562, 2562]"
1.0,0.01,150,-1.0,0.005,0.2,200,1.0,0.99,2,0,32,1,False,0.0,False,-1,mse,sigmoid,linear,lecun_uniform,adam,"[384, 192]",50000,"[-10000, 10000]"
0.8419462970441229,0.2887686334496453,238,1.0,0.00806859912586273,0.40833954514625936,172,0.44425693453941173,0.6971472823946157,2,0,338,3,False,0.0,False,-1,mse,sigmoid,softmax,lecun_normal,adam,"[128, 64]",136517,"[-6292, 6292]"
0.7056983618777273,0.07084632016110766,49,1.0,0.005579322962866399,0.42806783281154964,25,0.3654961062634104,0.5083139868669336,2,0,945,4,False,0.0,False,-1,mse,relu,softmax,random_normal,adam,"[512, 512]",102505,"[-505, 505]"
0.5889547436351144,0.21830379933037447,292,-1.0,0.09745318423546126,0.1857168470680653,292,0.35136664446686733,0.6890551701195644,2,82,81,4,True,0.0,False,-1,mse,relu,linear,random_normal,adam,"[256, 128]",179587,"[-3087, 3087]"
0.8495490373592556,0.4962058030454278,109,1.0,0.053525765289099275,0.7257598210655886,290,0.5542424350844404,0.6061952494451543,2,0,574,3,False,0.0,True,-1,mae,relu,linear,random_normal,rmsprop,"[384, 384]",98326,"[-6771, 6771]"
0.786832281540187,0.07762743544185893,158,1.0,0.03183754049835428,0.5907316269265798,223,0.013109108009284335,0.6968216133730022,2,0,438,3,True,0.0,False,-1,mae,sigmoid,linear,random_uniform,nadam,[256],152909,"[-4960, 4960]"
1.0,0.01,150,-1.0,0.005,0.1,200,0.1,0.99,2,0,32,1,False,0.0,False,-1,mse,sigmoid,linear,lecun_uniform,adam,"[384, 192]",50000,"[-10000, 10000]"
0.8264977532433444,0.33310495025757386,168,1.0,0.03807901651310292,0.43635547633030425,239,0.6467201752603784,0.5751765077040647,2,0,260,2,False,0.0,False,-1,mae,sigmoid,linear,lecun_normal,adam,"[192, 64]",48086,"[-183, 183]"
0.7903191938386427,0.2039893552256625,295,1.0,0.0018867670795386028,0.4342963138270936,69,0.16564377379630615,0.8509332251738146,2,0,406,3,True,0.0,False,-1,mse,sigmoid,linear,he_uniform,adam,[32],47618,"[-2973, 2973]"
0.8526415201867411,0.3334454269599285,267,1.0,0.01442643237938422,0.603149492500388,135,0.06445581849985638,0.8832069457609694,2,0,397,2,False,0.0,False,-1,mse,sigmoid,softmax,lecun_uniform,adam,"[256, 256]",192389,"[-8482, 8482]"
1.0,0.01,150,-1.0,0.005,0.1,100,1.0,0.99,2,0,32,1,False,0.0,False,-1,mse,sigmoid,linear,lecun_uniform,adam,"[384, 192]",50000,"[-10000, 10000]"
0.7964223091125092,0.4222886085419277,291,-1.0,0.007035737028722149,0.6313047017599905,97,0.89177300078208,0.9818313802505148,2,39,97,1,False,0.0,False,-1,logcosh,sigmoid,softmax,glorot_uniform,adamax,"[384, 192]",127144,"[-3338, 3338]"
1.0,0.01,150,-1.0,0.005,0.1,200,1.0,0.99,2,0,32,1,False,0.0,False,-1,mse,sigmoid,linear,lecun_uniform,adam,"[256, 384]",50000,"[-10000, 10000]"
0.6054157571113202,0.5,89,-1.0,0.08924073861657449,0.8998246222295002,56,0.26884765716175874,0.998530462305927,2,46,985,4,False,0.0,True,-1,mse,sigmoid,linear,lecun_uniform,adam,"[32, 64]",153744,"[-3361, 3361]"
1.0,0.01,150,-1.0,0.005,0.7,100,1.0,0.99,2,0,32,1,False,0.0,False,-1,mse,sigmoid,linear,lecun_uniform,adam,"[384, 192]",50000,"[-10000, 10000]"
0.8,0.01,250,-1.0,0.005,0.1,200,1.0,0.99,2,0,32,1,False,0.0,False,-1,mse,sigmoid,linear,lecun_uniform,adam,"[384, 192]",50000,"[-10000, 10000]"
0.742206082264445,0.3870307715656127,246,1.0,0.01001645870730114,0.07551708374053501,113,0.3989378084591674,0.9853402880796575,2,0,521,2,False,0.0,False,-1,mse,sigmoid,linear,he_uniform,adam,"[512, 512, 512]",148874,"[-9027, 9027]"
1.0,0.01,150,-1.0,0.005,0.1,200,1.0,0.99,2,0,32,1,True,0.0,False,-1,mse,sigmoid,linear,lecun_uniform,adam,"[384, 192]",50000,"[-10000, 10000]"
0.9940170048743819,0.27352933138781627,42,-1.0,0.004144035564215793,0.8258270835117857,278,0.06877288637129698,0.6001033115149313,2,70,811,2,False,0.0,False,-1,mae,sigmoid,softmax,glorot_normal,adagrad,"[384, 384, 384]",97422,"[-1729, 1729]"
1.0,0.01,150,-1.0,0.005,0.1,200,0.9,0.99,2,0,32,1,False,0.0,False,-1,mse,sigmoid,linear,lecun_uniform,adam,"[384, 192]",50000,"[-10000, 10000]"
0.9496244370629298,0.17549903491705177,62,1.0,0.0032680551653004107,0.8232879806081637,130,0.8236167382248322,0.6912735680025354,2,0,107,4,False,0.0,False,-1,mse,sigmoid,softmax,lecun_normal,adam,[32],149998,"[-6317, 6317]"
0.6136695399132326,0.16016714066092824,251,0.5,0.09036058293737213,0.5346462833693904,82,0.08674342983999196,0.7096861052082442,2,68,442,5,False,0.0,False,-1,logcosh,sigmoid,softmax,he_uniform,rmsprop,[384],46732,"[-9354, 9354]"
1.0,0.01,150,-1.0,0.005,0.1,200,1.0,0.99,2,0,32,1,False,0.0,False,-1,mse,sigmoid,linear,lecun_uniform,adam,"[384, 192]",50000,"[-10000, 10000]"
1.0,0.01,150,-1.0,0.05,0.1,200,1.0,0.99,2,0,32,1,False,0.0,False,-1,mse,sigmoid,linear,lecun_uniform,adam,"[384, 192]",50000,"[-10000, 10000]"
0.8409582975389813,0.28196999477463675,238,1.0,0.00881174775899435,0.4127615581814863,171,0.44067573113066716,0.6988442596182451,2,0,342,3,False,0.0,False,-1,mse,sigmoid,softmax,lecun_normal,adam,"[128, 64]",135738,"[-6215, 6215]"
1.0,0.01,150,-1.0,0.005,0.1,200,1.0,0.99,2,0,32,1,False,0.0,False,-1,mse,sigmoid,linear,lecun_uniform,adam,"[384, 192]",50000,"[-10000, 10000]"
0.6136695399132326,0.16016714066092824,251,0.5,0.09036058293737213,0.5346462833693904,82,0.08674342983999196,0.7096861052082442,2,68,442,5,False,0.0,False,-1,logcosh,sigmoid,softmax,he_uniform,rmsprop,[384],46732,"[-9354, 9354]"
0.9907493824815793,0.472327665236371,269,1.0,0.006441864068679551,0.4237480342329765,200,0.005089410372166169,0.6936536999456826,2,0,711,4,False,0.0,False,64,mse,sigmoid,softmax,lecun_normal,adam,"[128, 64]",106157,"[-6143, 6143]"
0.9985924054694344,0.4663461223099908,243,2.0,0.00296604648999388,0.4069226545664235,81,0.3455607270430478,0.698383737115335,2,18,478,4,False,0.0,False,-1,mse,relu,softmax,lecun_normal,adamax,[192],112833,"[-2562, 2562]"
0.7964223091125092,0.4222886085419277,291,-1.0,0.007035737028722149,0.6313047017599905,97,0.89177300078208,0.9818313802505148,2,39,97,1,False,0.0,False,-1,logcosh,sigmoid,softmax,glorot_uniform,adamax,"[384, 192]",127144,"[-3338, 3338]"
1.0,0.01,150,-1.0,0.005,0.15,100,1.0,0.99,2,0,32,1,False,0.0,False,-1,mse,sigmoid,linear,lecun_uniform,adam,"[384, 192]",50000,"[-10000, 10000]"
0.6136695399132326,0.16016714066092824,251,0.5,0.09036058293737213,0.5346462833693904,82,0.08674342983999196,0.7096861052082442,2,68,442,5,False,0.0,False,-1,logcosh,sigmoid,softmax,he_uniform,rmsprop,[384],46732,"[-9354, 9354]"
0.5125793340068849,0.4744823499074224,270,1.0,0.09710776443834661,0.9371841382136729,152,0.8459564893434302,0.5,2,0,228,1,True,0.0,False,-1,mae,sigmoid,linear,random_uniform,adam,[128],199961,"[-1658, 1658]"
0.6136695399132326,0.16016714066092824,251,0.5,0.09036058293737213,0.5346462833693904,82,0.08674342983999196,0.7096861052082442,2,68,442,5,False,0.0,False,-1,logcosh,sigmoid,softmax,he_uniform,rmsprop,[384],46732,"[-9354, 9354]"
1.0,0.01,150,-1.0,0.005,0.5,100,1.0,0.99,2,0,32,1,False,0.0,False,-1,mse,sigmoid,linear,lecun_uniform,adam,"[384, 192]",50000,"[-10000, 10000]"
1.0,0.01,150,-1.0,0.005,0.1,200,1.0,0.99,2,0,32,1,False,0.0,False,-1,mse,sigmoid,linear,lecun_uniform,adam,"[256, 192]",50000,"[-10000, 10000]"
0.8,0.01,200,-1.0,0.005,0.1,200,1.0,0.99,2,0,32,1,False,0.0,False,-1,mse,sigmoid,linear,lecun_uniform,adam,"[384, 192]",50000,"[-10000, 10000]"
0.7964223091125092,0.4222886085419277,291,-1.0,0.007035737028722149,0.6313047017599905,97,0.89177300078208,0.9818313802505148,2,39,97,1,False,0.0,False,-1,logcosh,sigmoid,softmax,glorot_uniform,adamax,"[384, 192]",127144,"[-3338, 3338]"
0.9828112525256466,0.08998290767201512,75,-1.0,0.003991756925724726,0.5047831806036216,39,0.9036501277467526,0.5063103263565075,2,11,322,3,False,0.0,False,-1,mse,sigmoid,linear,random_uniform,adam,[64],109535,"[-1127, 1127]"
0.6136695399132326,0.16016714066092824,251,0.5,0.09036058293737213,0.5346462833693904,82,0.08674342983999196,0.7096861052082442,2,68,442,5,False,0.0,False,-1,logcosh,sigmoid,softmax,he_uniform,rmsprop,[384],46732,"[-9354, 9354]"
1.0,0.01,150,-1.0,0.001,0.1,200,1.0,0.99,2,0,32,1,False,0.0,False,-1,mse,sigmoid,linear,lecun_uniform,adam,"[384, 192]",50000,"[-10000, 10000]"
0.6136695399132326,0.16016714066092824,251,0.5,0.09036058293737213,0.5346462833693904,82,0.08674342983999196,0.7096861052082442,2,68,442,5,False,0.0,False,-1,logcosh,sigmoid,softmax,he_uniform,rmsprop,[384],46732,"[-9354, 9354]"
1.0,0.01,150,-1.0,0.005,0.1,200,1.0,0.99,2,0,32,1,False,0.0,False,-1,mse,sigmoid,linear,lecun_uniform,adam,"[384, 192]",5000,"(-10000, 10000)"
1.0,0.01,150,-1.0,0.005,0.1,200,0.5,0.99,2,0,32,1,False,0.0,False,-1,mse,sigmoid,linear,lecun_uniform,adam,"[384, 192]",50000,"[-10000, 10000]"
1.0,0.01,150,-1.0,0.005,0.1,200,0.1,0.99,2,0,32,1,False,0.0,False,-1,mse,sigmoid,linear,lecun_uniform,adam,"[384, 192]",50000,"[-10000, 10000]"
0.8,0.01,200,-1.0,0.005,0.1,200,1.0,0.99,2,0,32,1,False,0.0,False,-1,mse,sigmoid,linear,lecun_uniform,adam,"[384, 192]",50000,"[-10000, 10000]"
1.0,0.01,150,-1.0,0.005,0.1,200,1.0,0.99,2,0,32,1,False,0.0,False,-1,mse,sigmoid,linear,lecun_uniform,adam,"[64, 32]",50000,"[-10000, 10000]"
0.9985924054694344,0.4663461223099908,243,2.0,0.00296604648999388,0.4069226545664235,81,0.3455607270430478,0.698383737115335,2,18,478,4,False,0.0,False,-1,mse,relu,softmax,lecun_normal,adamax,[192],112833,"[-2562, 2562]"
0.9985924054694344,0.4663461223099908,243,2.0,0.00296604648999388,0.4069226545664235,81,0.3455607270430478,0.698383737115335,2,18,478,4,False,0.0,False,-1,mse,relu,softmax,lecun_normal,adamax,[192],112833,"[-2562, 2562]"
1.0,0.01,150,-1.0,0.005,0.1,200,0.1,0.99,2,0,32,1,False,0.0,False,-1,mse,sigmoid,linear,lecun_uniform,adam,"[384, 192]",50000,"[-10000, 10000]"
0.7964223091125092,0.4222886085419277,291,-1.0,0.007035737028722149,0.6313047017599905,97,0.89177300078208,0.9818313802505148,2,39,97,1,False,0.0,False,-1,logcosh,sigmoid,softmax,glorot_uniform,adamax,"[384, 192]",127144,"[-3338, 3338]"
1.0,0.01,150,-1.0,0.005,0.1,200,0.5,0.99,2,0,32,1,False,0.0,False,-1,mse,sigmoid,linear,lecun_uniform,adam,"[384, 192]",50000,"[-10000, 10000]"
1.0,0.01,150,-1.0,0.005,0.1,200,1.0,0.99,2,0,32,1,False,0.0,False,-1,mse,sigmoid,linear,lecun_uniform,adam,"[384, 192]",50000,"[-10000, 10000]"
1.0,0.01,150,-1.0,0.005,0.1,200,1.0,0.99,2,0,64,1,False,0.0,False,-1,mse,sigmoid,linear,lecun_uniform,adam,"[384, 192]",50000,"[-10000, 10000]"
0.5373619491544136,0.20484061536261777,78,1.0,0.008690182771772742,0.06001744277747726,101,0.0838894927380296,0.9878836348982843,2,0,671,3,False,0.0,False,-1,mse,tanh,linear,he_uniform,adam,[256],15346,"[-9495, 9495]"
1.0,0.01,75,-1.0,0.002,0.35,100,1.0,0.99,2,0,32,1,False,0.0,False,-1,mse,sigmoid,linear,lecun_uniform,adam,"[384, 192]",50000,"[-10000, 10000]"
0.9037976014009448,0.2674261201669906,279,1.0,0.02499115940126254,0.11256400844190005,250,0.19439470740695597,0.6724276259233047,2,0,356,3,False,0.0,False,-1,mse,sigmoid,linear,lecun_normal,adam,"[128, 64]",116415,"[-5725, 5725]"
0.7964223091125092,0.4222886085419277,291,-1.0,0.007035737028722149,0.6313047017599905,97,0.89177300078208,0.9818313802505148,2,39,97,1,False,0.0,False,-1,logcosh,sigmoid,softmax,glorot_uniform,adamax,"[384, 192]",127144,"[-3338, 3338]"
0.7390899416664524,0.004732118392367469,132,-1.0,0.004589427400969981,0.6716454589904527,206,0.2693654037389031,0.805152956862268,2,34,337,1,False,0.25,False,-1,mse,relu,softmax,random_normal,adam,[256],156725,"[-8211, 8211]"
0.7964223091125092,0.4222886085419277,291,-1.0,0.007035737028722149,0.6313047017599905,97,0.89177300078208,0.9818313802505148,2,39,97,1,False,0.0,False,-1,logcosh,sigmoid,softmax,glorot_uniform,adamax,"[384, 192]",127144,"[-3338, 3338]"
0.6001338333175724,0.5,87,-1.0,0.095754057374496,0.8891460720063313,43,0.24797913889610437,0.9999933311845893,2,47,1000,4,False,0.0,True,-1,mse,sigmoid,linear,lecun_uniform,adam,"[32, 64]",154742,"[-3270, 3270]"
0.6858774126423363,0.46643178934571944,269,1.0,0.019280526857501326,0.10247942636877701,186,0.9508632624412827,0.6886039650114277,2,0,373,3,False,0.0,False,-1,mse,sigmoid,linear,lecun_normal,adam,"[192, 192, 192]",40838,"[-6393, 6393]"
1.0,0.01,150,-1.0,0.005,0.1,200,1.0,0.99,2,0,32,1,False,0.0,False,-1,mse,sigmoid,linear,lecun_uniform,adam,[192],50000,"[-10000, 10000]"
0.7964223091125092,0.4222886085419277,291,-1.0,0.007035737028722149,0.6313047017599905,97,0.89177300078208,0.9818313802505148,2,39,97,1,False,0.0,False,-1,logcosh,sigmoid,softmax,glorot_uniform,adamax,"[384, 192]",127144,"[-3338, 3338]"
1.0,0.01,150,-1.0,0.005,0.1,200,1.0,0.99,2,0,32,1,False,0.0,False,-1,mse,sigmoid,linear,lecun_uniform,adam,[64],50000,"[-10000, 10000]"
0.6136695399132326,0.16016714066092824,251,0.5,0.09036058293737213,0.5346462833693904,82,0.08674342983999196,0.7096861052082442,2,68,442,5,False,0.0,False,-1,logcosh,sigmoid,softmax,he_uniform,rmsprop,[384],46732,"[-9354, 9354]"
0.6136695399132326,0.16016714066092824,251,0.5,0.09036058293737213,0.5346462833693904,82,0.08674342983999196,0.7096861052082442,2,68,442,5,False,0.0,False,-1,logcosh,sigmoid,softmax,he_uniform,rmsprop,[384],46732,"[-9354, 9354]"
0.7448492581645962,0.06383655751493855,73,0.5,0.001166020170942252,0.6837045720416218,92,0.5338155245259582,0.603459017984848,2,38,661,3,True,0.0,False,-1,mae,tanh,softmax,he_uniform,adadelta,"[32, 32]",78760,"[-5923, 5923]"
0.9985924054694344,0.4663461223099908,243,2.0,0.00296604648999388,0.4069226545664235,81,0.3455607270430478,0.698383737115335,2,18,478,4,False,0.0,False,-1,mse,relu,softmax,lecun_normal,adamax,[192],112833,"[-2562, 2562]"
0.5437174814516653,0.44622423620811674,250,1.0,0.08651620657786695,0.8798368088968356,155,0.8357139635397385,0.5180419665491012,2,0,274,1,True,0.0,False,-1,mae,sigmoid,linear,random_uniform,adam,[128],185811,"[-1869, 1869]"
0.6136695399132326,0.16016714066092824,251,0.5,0.09036058293737213,0.5346462833693904,82,0.08674342983999196,0.7096861052082442,2,68,442,5,False,0.0,False,-1,logcosh,sigmoid,softmax,he_uniform,rmsprop,[384],46732,"[-9354, 9354]"
0.9,0.01,150,-1.0,0.005,0.1,200,1.0,0.99,2,0,32,1,False,0.0,False,-1,mse,sigmoid,linear,lecun_uniform,adam,"[384, 192]",50000,"[-10000, 10000]"
0.6136695399132326,0.16016714066092824,251,0.5,0.09036058293737213,0.5346462833693904,82,0.08674342983999196,0.7096861052082442,2,68,442,5,False,0.0,False,-1,logcosh,sigmoid,softmax,he_uniform,rmsprop,[384],46732,"[-9354, 9354]"
0.9985924054694344,0.4663461223099908,243,2.0,0.00296604648999388,0.4069226545664235,81,0.3455607270430478,0.698383737115335,2,18,478,4,False,0.0,False,-1,mse,relu,softmax,lecun_normal,adamax,[192],112833,"[-2562, 2562]"
0.8035225305582259,0.3576337711824412,162,1.0,0.0649884492702488,0.17349837808747515,76,0.881585399210581,0.9522124878446159,2,0,525,1,False,0.25,False,-1,mse,hard_sigmoid,linear,glorot_normal,adam,"[384, 384, 384]",96992,"[-7116, 7116]"
0.5023458257517032,0.49932647964484067,269,1.0,0.09898548931617737,0.9283189837005273,172,0.8622498696087845,0.5,2,0,172,1,True,0.0,False,-1,mae,sigmoid,linear,random_uniform,adam,[128],196646,"[-872, 872]"
0.556219955809576,0.5,82,-1.0,0.1,0.95,10,0.18925829414197645,1.0,2,51,1000,5,False,0.0,True,-1,mse,sigmoid,linear,lecun_uniform,adam,"[32, 64]",165118,"[-2649, 2649]"
0.7964223091125092,0.4222886085419277,291,-1.0,0.007035737028722149,0.6313047017599905,97,0.89177300078208,0.9818313802505148,2,39,97,1,False,0.0,False,-1,logcosh,sigmoid,softmax,glorot_uniform,adamax,"[384, 192]",127144,"[-3338, 3338]"
0.501324519992639,0.3670228274797047,178,1.0,0.02970913766924331,0.29498685302807537,247,0.342719776851752,0.5918410816222908,3,0,68,2,False,0.0,False,-1,mae,relu,softmax,lecun_normal,nadam,"[64, 32]",92343,"[-1371, 1371]"
0.9148016796970919,0.13725193713415695,55,1.0,0.01535080081765723,0.654488687679921,129,0.19755089798478126,0.6448148202729063,2,0,418,1,False,0.0,False,-1,mse,sigmoid,linear,glorot_normal,adam,"[384, 192]",21306,"[-9169, 9169]"
1.0,0.01,150,-1.0,0.005,0.1,200,0.5,0.99,2,0,32,1,False,0.0,False,-1,mse,sigmoid,linear,lecun_uniform,adam,"[384, 192]",50000,"[-10000, 10000]"
0.7699662482225587,0.17712367406541987,135,1.0,0.004095347299731227,0.5151382138279861,60,0.4875600943703653,0.8791065589271281,2,0,396,2,False,0.0,False,-1,mae,relu,linear,glorot_uniform,adam,"[256, 128]",113084,"[-5814, 5814]"
1.0,0.01,150,-1.0,0.005,0.1,200,1.0,0.99,2,0,32,1,False,0.0,False,-1,mse,sigmoid,linear,lecun_uniform,adam,"[384, 192]",50000,"[-10000, 10000]"
1.0,0.01,150,-1.0,0.005,0.1,200,0.1,0.99,2,0,32,1,False,0.0,False,-1,mse,sigmoid,linear,lecun_uniform,adam,"[384, 192]",50000,"[-10000, 10000]"
1.0,0.01,75,-1.0,0.005,0.1,200,1.0,0.99,2,0,32,1,False,0.0,False,-1,mse,sigmoid,linear,lecun_uniform,adam,"[384, 192]",50000,"[-10000, 10000]"
0.7898675954173906,0.20247998079314256,295,1.0,0.0018636894147288164,0.4343203545122367,69,0.16399607015151046,0.8517946131989875,2,0,406,3,True,0.0,False,-1,mse,sigmoid,linear,he_uniform,adam,[32],47022,"[-3051, 3051]"
0.7964223091125092,0.4222886085419277,291,-1.0,0.007035737028722149,0.6313047017599905,97,0.89177300078208,0.9818313802505148,2,39,97,1,False,0.0,False,-1,logcosh,sigmoid,softmax,glorot_uniform,adamax,"[384, 192]",127144,"[-3338, 3338]"
1.0,0.01,150,-1.0,0.005,0.1,200,1.0,0.99,2,0,32,1,False,0.0,False,-1,mse,sigmoid,linear,lecun_uniform,adam,"[384, 192]",50000,"[-10000, 10000]"
0.6168178399214594,0.4982691921106949,92,-1.0,0.08372156840997241,0.8533189930482314,58,0.28126570512585936,1.0,2,45,961,4,False,0.0,True,-1,mse,sigmoid,linear,lecun_uniform,adam,"[32, 64]",150975,"[-3605, 3605]"
0.7964223091125092,0.4222886085419277,291,-1.0,0.007035737028722149,0.6313047017599905,97,0.89177300078208,0.9818313802505148,2,39,97,1,False,0.0,False,-1,logcosh,sigmoid,softmax,glorot_uniform,adamax,"[384, 192]",127144,"[-3338, 3338]"
0.7964223091125092,0.42228860854192773,263,1.0,0.017665559365643208,0.3959435365634299,96,0.056712977317443194,0.6363281472900566,2,0,485,3,False,0.0,False,64,mse,relu,linear,he_normal,adam,"[192, 192]",145523,"[-5821, 5821]"
